eval_id,osm_unique_name,travel_dir,state,sld_aadt,test_aadt,data_source,SLD_withheld,urban_rural,n_directions
AZ00196,28328510: 1,Both,AZ,109742,115067,TMAS_FHWA,1,rural,2
AZ00198,28329171: 1,Both,AZ,65848,65266,TMAS_FHWA,1,urban,2
AZ00200,119371532: 2,Both,AZ,45578,48132,TMAS_NREL,1,rural,2
AZ00202,170935670: 1,Both,AZ,6336,6270,TMAS_FHWA,1,rural,2
AZ00204,158725726: 4,Both,AZ,36812,35963,TMAS_FHWA,1,urban,2
AZ00208,105459000: 4,Both,AZ,8598,12170,TMAS_FHWA,1,rural,2
AZ00214,16845506: 2,Both,AZ,1273,1629,TMAS_FHWA,1,rural,2
AZ00216,571500958: 38,Both,AZ,2458,1853,TMAS_FHWA,1,rural,2
AZ00218,118035001: 1,Both,AZ,29149,33588,TMAS_FHWA,1,rural,2
AZ00220,119006903: 2,Both,AZ,5406,7824,TMAS_FHWA,1,rural,2
AZ00222,16942419: 39,Both,AZ,3911,5362,TMAS_FHWA,1,rural,2
AZ00224,106737403: 1,Both,AZ,1394,1415,TMAS_FHWA,1,rural,2
AZ00226,59141278: 41,Both,AZ,1564,1083,TMAS_FHWA,1,rural,2
DE01643,40661579: 7,Both,DE,22985,18977,TMAS_FHWA,1,urban,2
DE01644,329572745: 1,NB,DE,9786,9716,TMAS_NREL,1,rural,1
IL00001,58895320: 8,Both,IL,19216,15831,TMAS_FHWA,1,urban,2
IL00003,119962456: 2,Both,IL,7654,6826,TMAS_FHWA,1,rural,2
IL00007,48527595: 3,Both,IL,4167,2798,TMAS_FHWA,1,urban,2
IL00013,83871920: 1,Both,IL,14023,13676,TMAS_FHWA,1,rural,2
IL00015,111702151: 8,Both,IL,19912,19164,TMAS_FHWA,1,urban,2
IL00019,21753724: 2,Both,IL,2743,2640,TMAS_FHWA,1,rural,2
IL00021,293895853: 1,Both,IL,32172,25962,TMAS_FHWA,1,urban,2
IL00123_&_IL00220,NA,NB,IL,42685,36442,IL_Tolls,0,urban,1
IL00124_&_IL00221,NA,SB,IL,39441,32779,IL_Tolls,0,urban,1
IL00125_&_IL00125,NA,SB,IL,9822,7605,IL_Tolls,0,urban,1
IL00126_&_IL00126,NA,NB,IL,11877,9624,IL_Tolls,0,urban,1
IL00127_&_IL00127,NA,NB,IL,4872,3356,IL_Tolls,0,urban,1
IL00128_&_IL00128,NA,SB,IL,5155,3239,IL_Tolls,0,urban,1
IL00129_&_IL00129,NA,WB,IL,2357,1553,IL_Tolls,0,urban,1
IL00131_&_IL00131,NA,EB,IL,5336,3670,IL_Tolls,0,urban,1
IL00132_&_IL00132,NA,WB,IL,5187,3526,IL_Tolls,0,urban,1
IL00133_&_IL00133,NA,WB,IL,10402,7989,IL_Tolls,0,urban,1
IL00134_&_IL00134,NA,EB,IL,9061,7611,IL_Tolls,0,urban,1
IL00135_&_IL00135,NA,EB,IL,5080,4420,IL_Tolls,0,urban,1
IL00136_&_IL00136,NA,WB,IL,9868,8741,IL_Tolls,0,urban,1
IL00137_&_IL00137,NA,SB,IL,9907,7878,IL_Tolls,0,urban,1
IL00138_&_IL00138,NA,NB,IL,18068,6999,IL_Tolls,0,urban,1
IL00139_&_IL00139,NA,EB,IL,3420,2082,IL_Tolls,0,urban,1
IL00140_&_IL00140,NA,WB,IL,9151,2664,IL_Tolls,0,urban,1
IL00141_&_IL00141,NA,SB,IL,8289,5713,IL_Tolls,0,urban,1
IL00142_&_IL00142,NA,NB,IL,13127,5574,IL_Tolls,0,urban,1
IL00143_&_IL00143,NA,SB,IL,11100,8193,IL_Tolls,0,urban,1
IL00144_&_IL00144,NA,NB,IL,11558,8478,IL_Tolls,0,urban,1
IL00145_&_IL00145,NA,SB,IL,10624,7331,IL_Tolls,0,urban,1
IL00146_&_IL00146,NA,NB,IL,10336,7709,IL_Tolls,0,urban,1
IL00147_&_IL00147,NA,SB,IL,8907,6567,IL_Tolls,0,urban,1
IL00148_&_IL00148,NA,NB,IL,8309,5982,IL_Tolls,0,urban,1
IL00149_&_IL00149,NA,EB,IL,6362,4777,IL_Tolls,0,urban,1
IL00150_&_IL00150,NA,WB,IL,6181,4447,IL_Tolls,0,urban,1
IL00151_&_IL00151,NA,EB,IL,4397,3765,IL_Tolls,0,urban,1
IL00152_&_IL00152,NA,WB,IL,4433,3473,IL_Tolls,0,urban,1
IL00154_&_IL00154,NA,WB,IL,11199,8788,IL_Tolls,0,urban,1
IL00155_&_IL00155,NA,SB,IL,11917,8456,IL_Tolls,0,urban,1
IL00156_&_IL00156,NA,NB,IL,11011,8768,IL_Tolls,0,urban,1
IL00157_&_IL00157,NA,SB,IL,10919,8213,IL_Tolls,0,urban,1
IL00158_&_IL00158,NA,NB,IL,9183,7830,IL_Tolls,0,urban,1
IL00159_&_IL00159,NA,SB,IL,31754,8580,IL_Tolls,0,urban,1
IL00160_&_IL00160,NA,SB,IL,8814,7812,IL_Tolls,0,urban,1
IL00161_&_IL00161,NA,NB,IL,10272,8704,IL_Tolls,0,urban,1
IL00162_&_IL00162,NA,WB,IL,13799,14430,IL_Tolls,0,urban,1
IL00163_&_IL00163,NA,WB,IL,10126,12220,IL_Tolls,0,urban,1
IL00164_&_IL00164,NA,SB,IL,16824,11067,IL_Tolls,0,urban,1
IL00166_&_IL00166,NA,WB,IL,4727,3636,IL_Tolls,0,urban,1
IL00167_&_IL00167,NA,SB,IL,14976,13780,IL_Tolls,0,urban,1
IL00168_&_IL00168,NA,NB,IL,14863,13570,IL_Tolls,0,urban,1
IL00169_&_IL00169,NA,SB,IL,38758,28248,IL_Tolls,0,urban,1
IL00170_&_IL00170,NA,EB,IL,8650,7716,IL_Tolls,0,urban,1
IL00171_&_IL00171,NA,NB,IL,11960,9063,IL_Tolls,0,urban,1
IL00172_&_IL00172,NA,EB,IL,7009,6093,IL_Tolls,0,rural,1
IL00174_&_IL00245,NA,NB,IL,71953,61972,IL_Tolls,0,urban,1
IL00175_&_IL00257,NA,WB,IL,109578,92155,IL_Tolls,0,urban,1
IL00176_&_IL00247,NA,NB,IL,67313,55377,IL_Tolls,0,urban,1
IL00178_&_IL00269,NA,WB,IL,109240,86963,IL_Tolls,0,urban,1
IL00179_&_IL00232,NA,EB,IL,85747,67316,IL_Tolls,0,urban,1
IL00180_&_IL00226,NA,SB,IL,117299,87148,IL_Tolls,0,urban,1
IL00181_&_IL00231,NA,SB,IL,133439,106433,IL_Tolls,0,urban,1
IL00182_&_IL00237_&_IL00238_&_IL00239,NA,Both,IL,49884,42519,IL_Tolls,0,urban,2
IL00184_&_IL00259,NA,EB,IL,10313,7617,IL_Tolls,0,rural,1
IL00185_&_IL00262,NA,EB,IL,11695,8995,IL_Tolls,0,rural,1
IL00186_&_IL00250,NA,WB,IL,29550,27799,IL_Tolls,0,rural,1
IL00188_&_IL00233,NA,NB,IL,121548,97418,IL_Tolls,0,urban,1
IL00189_&_IL00225,NA,NB,IL,109464,83120,IL_Tolls,0,urban,1
IL00190_&_IL00252,NA,WB,IL,28117,23856,IL_Tolls,0,urban,1
IL00191_&_IL00253,NA,EB,IL,30753,26405,IL_Tolls,0,rural,1
IL00192_&_IL00255,NA,WB,IL,60814,52213,IL_Tolls,0,urban,1
IL00193_&_IL00268,NA,EB,IL,99552,84723,IL_Tolls,0,urban,1
IL00196_&_IL00196,NA,WB,IL,7691,5259,IL_Tolls,0,urban,1
IL00199_&_IL00199,NA,NB,IL,16905,16256,IL_Tolls,0,urban,1
IL00200_&_IL00200,NA,WB,IL,4635,4631,IL_Tolls,0,rural,1
IL00201_&_IL00201,NA,EB,IL,4617,4456,IL_Tolls,0,rural,1
IL00205_&_IL00205,NA,EB,IL,4053,3006,IL_Tolls,0,rural,1
IL00206_&_IL00206,NA,SB,IL,5752,3781,IL_Tolls,0,urban,1
IL00207_&_IL00207,NA,NB,IL,4516,3477,IL_Tolls,0,urban,1
IL00208_&_IL00208,NA,SB,IL,7127,5647,IL_Tolls,0,urban,1
IL00209_&_IL00209,NA,NB,IL,7233,5603,IL_Tolls,0,urban,1
IL00210_&_IL00210,NA,SB,IL,8259,6611,IL_Tolls,0,rural,1
IL00211_&_IL00211,NA,NB,IL,8337,6676,IL_Tolls,0,rural,1
IL00212_&_IL00241,NA,NB,IL,34619,30341,IL_Tolls,0,urban,1
IL00215_&_IL00215,NA,EB,IL,8075,5619,IL_Tolls,0,urban,1
IL00216_&_IL00216,NA,EB,IL,8373,7596,IL_Tolls,0,urban,1
IL00217_&_IL00217,NA,EB,IL,6747,5698,IL_Tolls,0,urban,1
IL00218_&_IL00218,NA,WB,IL,5299,4435,IL_Tolls,0,urban,1
IL00219_&_IL00266,NA,EB,IL,51516,42697,IL_Tolls,0,urban,1
IL00240_&_IL00242,NA,SB,IL,36500,29802,IL_Tolls,0,rural,1
IL00243_&_IL00244,NA,SB,IL,60631,63584,IL_Tolls,0,urban,1
IL00246_&_IL00248,NA,SB,IL,67959,55968,IL_Tolls,0,urban,1
IL00249_&_IL00251,NA,EB,IL,29375,28222,IL_Tolls,0,rural,1
IL00254_&_IL00256,NA,EB,IL,59052,51894,IL_Tolls,0,urban,1
IL00258_&_IL00260,NA,WB,IL,9757,7837,IL_Tolls,0,rural,1
IL00261_&_IL00263,NA,WB,IL,11796,9251,IL_Tolls,0,rural,1
IL00265_&_IL00267,NA,WB,IL,49383,41778,IL_Tolls,0,urban,1
IL00270_&_IL00270,NA,NB,IL,20279,12150,IL_Tolls,0,urban,1
IL00271_&_IL00271,NA,EB,IL,2733,1724,IL_Tolls,0,urban,1
MD00002,93791469: 5,Both,MD,6578,7089,TMAS_FHWA,0,rural,2
MD00005,95860613: 3,Both,MD,10948,12432,TMAS_FHWA,0,rural,2
MD00008,11551684: 8,Both,MD,3481,3103,TMAS_FHWA,0,rural,2
MD00012,430375748: 9,Both,MD,31596,33729,TMAS_FHWA,0,urban,2
MD00014,137930336: 2,Both,MD,42322,44704,TMAS_FHWA,0,rural,2
MD00015,363406552: 2,Both,MD,45353,40614,TMAS_FHWA,0,urban,2
MD00022,109829786: 1,Both,MD,40247,39354,TMAS_FHWA,0,urban,2
MD00037,140703501: 1,Both,MD,95575,90353,TMAS_FHWA,0,rural,2
MD00040,64376095: 1,Both,MD,63948,61943,TMAS_FHWA,0,rural,2
MD00043,131947781: 14,Both,MD,25346,24337,TMAS_FHWA,0,rural,2
MD00047,132895578: 3,Both,MD,22755,33307,TMAS_NREL,0,rural,2
MD00049,17709768: 5,Both,MD,16256,20733,TMAS_FHWA,0,rural,2
MD00053,51543252: 1,Both,MD,213806,212734,TMAS_FHWA,0,urban,2
MD00057,146910374: 12,Both,MD,23642,28546,TMAS_FHWA,0,rural,2
MD00061,76699913: 1,Both,MD,173847,175492,TMAS_FHWA,0,urban,2
MD00066,120478457: 4,Both,MD,104342,81827,TMAS_FHWA,0,urban,2
MD00067,30680279: 1,Both,MD,11588,8681,TMAS_NREL,0,rural,2
MD00070,24513715: 2,Both,MD,50711,49169,TMAS_FHWA,0,urban,2
MD00077,50523170: 2,Both,MD,97511,102027,TMAS_FHWA,0,urban,2
MD00088,10889165: 1,Both,MD,100342,103764,TMAS_FHWA,0,urban,2
MD00092,546856907: 1,Both,MD,135076,139296,TMAS_FHWA,0,urban,2
MD00098,17710122: 7,Both,MD,5301,5390,TMAS_FHWA,0,rural,2
MD00102,17627844: 2,Both,MD,6983,7468,TMAS_FHWA,0,urban,2
MD00107,45773090: 6,Both,MD,8801,7212,TMAS_FHWA,0,rural,2
MD00109,492442112: 1,NB,MD,23222,23138,MD_Tolls,0,rural,1
MD00110,492432804: 1,SB,MD,24988,24338,MD_Tolls,0,rural,1
MD00112,441802060: 1,SB,MD,60058,72621,MD_Tolls,0,rural,1
MD00113,118711711: 1,NB,MD,23728,20588,MD_Tolls,0,rural,1
MD00114,492441295: 1,SB,MD,22033,19569,MD_Tolls,0,rural,1
MD00115,50276142: 1,NB,MD,14018,14144,MD_Tolls,0,rural,1
MD00116,314120779: 1,SB,MD,8693,9317,MD_Tolls,0,rural,1
MD00117,492430537: 1,NB,MD,47474,42297,MD_Tolls,0,rural,1
MD00118,120478404: 1,EB,MD,37906,37804,MD_Tolls,0,rural,1
NC00001,470058403: 1,EB,NC,10883,8096,NC_Tolls,0,urban,1
NC00002,470058411: 1,EB,NC,10819,8001,NC_Tolls,0,urban,1
NC00003,651632031: 1,EB,NC,10188,8235,NC_Tolls,0,rural,1
NC00004,470056297: 1,EB,NC,10149,7620,NC_Tolls,0,rural,1
NC00005,653501673: 1,EB,NC,8962,6523,NC_Tolls,0,urban,1
NC00006,470051963: 1,EB,NC,7239,5419,NC_Tolls,0,rural,1
NC00007,470039909: 1,EB,NC,5868,4534,NC_Tolls,0,urban,1
NC00008,470060532: 1,WB,NC,10257,8132,NC_Tolls,0,urban,1
NC00009,470058395: 1,WB,NC,10170,8086,NC_Tolls,0,urban,1
NC00010,651632033: 1,WB,NC,9914,7603,NC_Tolls,0,rural,1
NC00011,470056255: 1,WB,NC,9817,7345,NC_Tolls,0,rural,1
NC00012,653501672: 1,WB,NC,9087,6754,NC_Tolls,0,rural,1
NC00013,470051957: 1,WB,NC,7660,5679,NC_Tolls,0,rural,1
NC00014,470039935: 1,WB,NC,6086,4728,NC_Tolls,0,urban,1
NC00015,140433258: 1,SB,NC,11339,9145,NC_Tolls,0,rural,1
NC00016,455879952: 2,SB,NC,12404,10304,NC_Tolls,0,urban,1
NC00017,32356413: 1,SB,NC,18896,18184,NC_Tolls,0,urban,1
NC00018,32356405: 1,SB,NC,25229,23054,NC_Tolls,0,rural,1
NC00019,174044473: 1,SB,NC,20351,17996,NC_Tolls,0,urban,1
NC00020,372095874: 1,SB,NC,19312,17862,NC_Tolls,0,urban,1
NC00021,198794442: 1,SB,NC,18684,14660,NC_Tolls,0,urban,1
NC00022,198857396: 1,SB,NC,19096,15263,NC_Tolls,0,rural,1
NC00023,198858353: 2,SB,NC,10976,9466,NC_Tolls,0,rural,1
NC00024,198784757: 2,SB,NC,10726,8629,NC_Tolls,0,rural,1
NC00025,140433261: 2,NB,NC,11621,12819,NC_Tolls,0,rural,1
NC00026,533683190: 1,NB,NC,11066,9981,NC_Tolls,0,urban,1
NC00027,625569289: 1,NB,NC,19229,18426,NC_Tolls,0,urban,1
NC00028,331012700: 1,NB,NC,24816,23454,NC_Tolls,0,rural,1
NC00029,154080285: 2,NB,NC,20337,17381,NC_Tolls,0,urban,1
NC00030,174044463: 1,NB,NC,19143,17424,NC_Tolls,0,urban,1
NC00031,198794447: 1,NB,NC,20137,14935,NC_Tolls,0,urban,1
NC00032,198784748: 1,NB,NC,18732,15984,NC_Tolls,0,rural,1
NC00033,198784762: 1,NB,NC,12392,9886,NC_Tolls,0,rural,1
NC00034,386240925: 1,NB,NC,11012,8850,NC_Tolls,0,rural,1
NC00035,316426861: 2,Both,NC,3295,5195,TMAS_FHWA,0,rural,2
NC00037,16424662: 15,Both,NC,3258,4028,TMAS_FHWA,0,rural,2
NC00044,139934800: 1,Both,NC,17632,21143,TMAS_FHWA,0,rural,2
NC00045,16563911: 10,Both,NC,15838,13725,TMAS_FHWA,0,rural,2
NC00047,16563597: 16,Both,NC,2489,2303,TMAS_FHWA,0,urban,2
NC00050,120885482: 1,SB,NC,66024,70139,TMAS_NREL,0,rural,1
NC00054,628600755: 2,Both,NC,40891,40798,TMAS_FHWA,0,urban,2
NC00057,255678287: 40,Both,NC,5260,5185,TMAS_FHWA,0,rural,2
ND00321,9828893: 3,SB,ND,1349,1310,TMAS_FHWA,0,rural,1
ND00322,499194277: 2,Both,ND,1341,1248,TMAS_FHWA,0,rural,2
ND00326,88760999: 3,NB,ND,5762,6166,TMAS_FHWA,0,rural,1
ND00328,42330151: 1,EB,ND,50869,37421,TMAS_FHWA,0,urban,1
ND00333,9789835: 1,Both,ND,3281,3454,TMAS_FHWA,0,rural,2
ND00335,38358989: 15,Both,ND,9116,8391,TMAS_FHWA,0,rural,2
ND00337,178429717: 41,EB,ND,539,459,TMAS_FHWA,0,rural,1
ND00341,9809669: 9,Both,ND,2446,2448,TMAS_FHWA,0,rural,2
ND00344,245881838: 50,SB,ND,423,438,TMAS_FHWA,0,rural,1
ND00347,84084572: 1,Both,ND,1574,1227,TMAS_NREL,0,rural,2
ND00349,88832645: 3,NB,ND,984,1584,TMAS_FHWA,0,rural,1
ND00351,9807093: 27,NB,ND,300,226,TMAS_FHWA,0,rural,1
ND00353,160446925: 63,Both,ND,1244,1600,TMAS_FHWA,0,rural,2
ND00355,9663209: 2,NB,ND,639,440,TMAS_FHWA,0,rural,1
ND00358,9750653: 11,WB,ND,1271,1421,TMAS_FHWA,0,rural,1
ND00359,90764298: 4,Both,ND,1330,860,TMAS_FHWA,0,rural,2
ND00361,9817845: 1,EB,ND,1005,1149,TMAS_FHWA,0,rural,1
ND00363,9637958: 1,Both,ND,582,356,TMAS_FHWA,0,rural,2
ND00367,9683532: 5,EB,ND,194,182,TMAS_FHWA,0,rural,1
ND00371,9827827: 25,Both,ND,5955,4653,TMAS_FHWA,0,rural,2
ND00375,450688678: 53,Both,ND,5463,5173,TMAS_FHWA,0,rural,2
ND00377,9786740: 3,EB,ND,528,329,TMAS_FHWA,0,rural,1
ND00381,9664156: 4,EB,ND,266,984,TMAS_FHWA,0,rural,1
ND00386,444225460: 10,SB,ND,3279,2764,TMAS_FHWA,0,rural,1
ND00387,9740247: 17,Both,ND,4043,4641,TMAS_FHWA,0,rural,2
ND00390,9829034: 13,WB,ND,1103,1184,TMAS_FHWA,0,rural,1
ND00393,43607909: 7,Both,ND,22339,23982,TMAS_FHWA,0,urban,2
ND00395,9636173: 3,Both,ND,7099,6640,TMAS_FHWA,0,urban,2
ND00397,122767481: 1,Both,ND,17242,18175,TMAS_FHWA,0,urban,2
ND00401,9826798: 19,Both,ND,2384,2574,TMAS_FHWA,0,urban,2
OH00145,19006504: 8,Both,OH,1734,2170,TMAS_FHWA,1,rural,2
OH00147,19090805: 14,Both,OH,6414,6515,TMAS_FHWA,1,rural,2
OH00149,18963835: 17,Both,OH,3655,3880,TMAS_FHWA,1,rural,2
OH00151,21357134: 1,Both,OH,67159,71650,TMAS_FHWA,1,urban,2
OH00153,460573321: 19,Both,OH,9779,8822,TMAS_FHWA,1,rural,2
OH00155,19098935: 3,Both,OH,661,951,TMAS_FHWA,1,urban,2
OH00158,460747232: 1,Both,OH,43513,45857,TMAS_FHWA,1,urban,2
OH00159,489650937: 4,Both,OH,8972,9039,TMAS_FHWA,1,rural,2
OH00162,121243790: 1,Both,OH,96820,72153,TMAS_FHWA,1,urban,2
OH00163,122082503: 1,Both,OH,112355,111313,TMAS_FHWA,1,urban,2
OH00165,448644333: 2,Both,OH,33565,28884,TMAS_FHWA,1,urban,2
OH00167,19088039: 1,Both,OH,11360,10031,TMAS_FHWA,1,rural,2
OH00169,89701764: 2,Both,OH,52575,53048,TMAS_FHWA,1,rural,2
OH00171,297300907: 1,NB,OH,56280,52133,TMAS_FHWA,1,urban,1
OH00174,514781822: 1,Both,OH,51370,53706,TMAS_FHWA,1,rural,2
OH00175,40877369: 1,Both,OH,33451,31885,TMAS_FHWA,1,rural,2
OH00178,33648437: 1,Both,OH,37324,37985,TMAS_FHWA,1,urban,2
OH00180,37285522: 2,Both,OH,41063,37458,TMAS_FHWA,1,urban,2
OH00182,622247928: 1,Both,OH,55709,60687,TMAS_FHWA,1,urban,2
OH00185,463758152: 2,Both,OH,14127,16860,TMAS_FHWA,1,urban,2
OH00188,532655635: 2,Both,OH,85445,78442,TMAS_FHWA,1,urban,2
OH00189,304633200: 4,Both,OH,91598,84843,TMAS_FHWA,1,urban,2
TMAS001,519489030: 1_519489034: 1,SE,AL,2843,2500,TMAS_FHWA,1,rural,1
TMAS002,544432401: 25,Both,AL,10369,9855,TMAS_FHWA,1,rural,2
TMAS004,473167942: 3,Both,AL,15719,15400,TMAS_FHWA,1,rural,2
TMAS006,38869703: 1_9413225: 1,Both,AL,23019,30293,TMAS_FHWA,1,rural,2
TMAS008,51979721: 1_7951349: 1,Both,AL,6324,6336,TMAS_FHWA,1,rural,2
TMAS010,124068694: 1_83510537: 1,Both,AL,79099,69535,TMAS_FHWA,1,rural,2
TMAS012,83223815: 1_83223834: 1,Both,AL,55966,71601,TMAS_NREL,1,urban,2
TMAS014,83510514: 1_83510518: 1,Both,AL,66216,64578,TMAS_NREL,1,urban,2
TMAS016,426659457: 1_78518855: 1,Both,AL,117555,140716,TMAS_NREL,1,urban,2
TMAS018,399717915: 12,Both,AL,17526,13464,TMAS_FHWA,1,urban,2
TMAS020,119855282: 2_465661459: 1,Both,AL,93220,106847,TMAS_FHWA,1,rural,2
TMAS024,7931358: 6,Both,AL,3170,2844,TMAS_FHWA,1,rural,2
TMAS028,108053211: 1_162803256: 3,Both,AL,24608,27494,TMAS_FHWA,1,rural,2
TMAS030,130773488: 1_256799747: 1,Both,AL,89862,88800,TMAS_FHWA,1,urban,2
TMAS032,118807803: 1_145079361: 1,Both,AL,98216,84423,TMAS_FHWA,1,urban,2
TMAS034,129303719: 5_304610057: 1,Both,AL,20182,16623,TMAS_FHWA,1,rural,2
TMAS036,446912889: 1_52118957: 1,Both,AL,27393,28210,TMAS_FHWA,1,rural,2
TMAS038,442468393: 1_562517745: 13,Both,AL,16929,15655,TMAS_FHWA,1,rural,2
TMAS040,137554181: 21_7722216: 6,Both,AL,24305,20030,TMAS_FHWA,1,rural,2
TMAS042,236638843: 1_236798950: 3,NE,AL,14770,13097,TMAS_FHWA,1,rural,1
TMAS043,456493570: 4,Both,AL,3289,3726,TMAS_FHWA,1,rural,2
TMAS045,162926390: 3_236638846: 2,Both,AL,20051,19379,TMAS_FHWA,1,rural,2
TMAS047,469786672: 1_52541381: 1,Both,AR,6508,7948,TMAS_NREL,1,rural,2
TMAS051,106130284: 3_108191356: 1,Both,AR,31628,28491,TMAS_FHWA,1,rural,2
TMAS053,281649806: 9,Both,AR,1697,1707,TMAS_NREL,1,rural,2
TMAS055,12955972: 2,Both,AR,5175,4023,TMAS_FHWA,1,rural,2
TMAS059,157013369: 3_157014000: 2,Both,CA,11770,12590,TMAS_FHWA,1,rural,2
TMAS061,10631712: 5_32896468: 2,Both,CA,38396,32190,TMAS_FHWA,1,urban,2
TMAS063,32843559: 1_32843943: 1,Both,CA,33545,28670,TMAS_FHWA,1,rural,2
TMAS068,118835840: 1_268822647: 1,Both,CA,55027,43753,TMAS_FHWA,1,rural,2
TMAS070,117808977: 5_117809164: 5,Both,CA,50266,28891,TMAS_FHWA,1,rural,2
TMAS072,158632095: 2_158976669: 2,Both,CA,37271,42180,TMAS_FHWA,1,rural,2
TMAS074,41501711: 1,Both,CA,8250,7835,TMAS_FHWA,1,rural,2
TMAS076,24322833: 2_249697169: 1,Both,CA,91753,81058,TMAS_FHWA,1,urban,2
TMAS078,48754610: 5_48768736: 2,Both,CA,56272,56101,TMAS_FHWA,1,urban,2
TMAS080,101434903: 3_61692593: 4,Both,CA,112321,110483,TMAS_FHWA,1,rural,2
TMAS084,164979445: 2_83673753: 3,Both,CA,16091,14817,TMAS_NREL,1,rural,2
TMAS086,489166882: 1,Both,CA,3389,3722,TMAS_FHWA,1,rural,2
TMAS088,159113779: 1_159113780: 1_159113782: 1,SE,CA,96087,102347,TMAS_FHWA,1,urban,1
TMAS089,159201215: 1_196600289: 1,NE,CA,60457,67406,TMAS_FHWA,1,rural,1
TMAS090,49245440: 2_562102948: 1,Both,CO,63461,71011,TMAS_FHWA,1,urban,2
TMAS092,84662362: 1_87917794: 1,Both,CO,11084,10412,TMAS_FHWA,1,rural,2
TMAS094,222239081: 10_652349012: 2,Both,CO,12373,19103,TMAS_FHWA,1,rural,2
TMAS096,309598531: 1,Both,CO,5540,5768,TMAS_FHWA,1,rural,2
TMAS098,329062414: 1,Both,CO,6482,8040,TMAS_FHWA,1,rural,2
TMAS100,293376946: 2,Both,CO,16211,13514,TMAS_FHWA,1,rural,2
TMAS102,307806433: 1,Both,CO,2570,3462,TMAS_FHWA,1,rural,2
TMAS106,328270265: 1,Both,CO,7976,13773,TMAS_FHWA,1,rural,2
TMAS108,116674776: 6,Both,CO,4964,4829,TMAS_FHWA,1,rural,2
TMAS110,24851316: 1_24873387: 1,Both,CO,123254,121557,TMAS_FHWA,1,urban,2
TMAS112,229844292: 2_39076256: 2,Both,CO,127856,131309,TMAS_FHWA,1,urban,2
TMAS114,301006767: 3_95471457: 2,Both,CO,28416,22647,TMAS_FHWA,1,urban,2
TMAS116,624584022: 1_624590422: 1,Both,CO,26508,24733,TMAS_FHWA,1,urban,2
TMAS118,17089332: 1_277659301: 2,Both,CO,27814,33364,TMAS_FHWA,1,urban,2
TMAS120,610059420: 2,Both,CT,11329,12901,TMAS_FHWA,1,rural,2
TMAS122,127726129: 2_348786170: 1,Both,CT,91363,85199,TMAS_FHWA,1,urban,2
TMAS124,610832723: 3,Both,FL,14349,18493,TMAS_FHWA,1,rural,2
TMAS126,128855970: 1,Both,FL,6566,6114,TMAS_FHWA,1,rural,2
TMAS128,129104870: 3,Both,FL,6287,7820,TMAS_FHWA,1,rural,2
TMAS130,159000398: 5_93817346: 2,Both,FL,72458,62531,TMAS_FHWA,1,urban,2
TMAS132,32021964: 2_32022092: 2,SW,FL,71142,69243,TMAS_FHWA,1,urban,1
TMAS133,195293138: 6_195293139: 5,Both,FL,19136,18410,TMAS_FHWA,1,urban,2
TMAS135,48681865: 1_48682149: 1,Both,FL,69246,70716,TMAS_FHWA,1,rural,2
TMAS137,160312549: 3,Both,FL,2609,2920,TMAS_FHWA,1,rural,2
TMAS139,128601005: 14,Both,FL,7918,7254,TMAS_FHWA,1,rural,2
TMAS143,128843844: 21_194529130: 13,Both,FL,12333,12483,TMAS_FHWA,1,rural,2
TMAS145,77914700: 2_77914944: 2,Both,FL,29868,29463,TMAS_FHWA,1,rural,2
TMAS148,160286771: 10,SW,FL,1222,1038,TMAS_FHWA,1,rural,1
TMAS149,159409844: 13_159409847: 1,Both,FL,33488,30206,TMAS_FHWA,1,urban,2
TMAS151,136447484: 18,Both,FL,2197,2275,TMAS_FHWA,1,rural,2
TMAS154,147464205: 7,SE,FL,6597,8062,TMAS_FHWA,1,urban,1
TMAS156,128881940: 18,SE,FL,1906,1805,TMAS_FHWA,1,rural,1
TMAS158,196993162: 3_349642284: 1,SW,FL,7297,7429,TMAS_FHWA,1,rural,1
TMAS159,202619037: 7,Both,FL,1420,1563,TMAS_FHWA,1,rural,2
TMAS163,11370409: 1_430272996: 1,NE,FL,11562,11335,TMAS_FHWA,1,rural,1
TMAS164,111748559: 1_41729065: 3,Both,FL,47308,48641,TMAS_FHWA,1,rural,2
TMAS166,103658118: 1_10776184: 1,NW,FL,16137,15265,TMAS_FHWA,1,urban,1
TMAS168,140210060: 3_140210061: 5,Both,FL,34989,36274,TMAS_FHWA,1,urban,2
TMAS170,218366590: 1,NE,FL,6427,6919,TMAS_FHWA,1,rural,1
TMAS173,250491581: 1_48871577: 1,Both,FL,16030,17001,TMAS_FHWA,1,urban,2
TMAS175,250266676: 12_250493590: 12,Both,FL,57807,53945,TMAS_FHWA,1,urban,2
TMAS178,128576004: 2_160891801: 1,SW,FL,13528,13506,TMAS_FHWA,1,urban,1
TMAS180,190545279: 1_635888835: 1,SE,FL,27357,17095,TMAS_FHWA,1,urban,1
TMAS181,11104082: 1,Both,FL,2945,2777,TMAS_FHWA,1,rural,2
TMAS183,128573204: 5_200348876: 10,Both,FL,19260,20486,TMAS_FHWA,1,urban,2
TMAS187,301088896: 1,Both,FL,10961,9821,TMAS_FHWA,1,rural,2
TMAS189,38453935: 1_38453938: 1,Both,FL,76600,64453,TMAS_FHWA,1,urban,2
TMAS191,42368358: 2_42369740: 2,Both,FL,116993,107147,TMAS_FHWA,1,urban,2
TMAS195,460023494: 3,Both,GA,4939,4945,TMAS_FHWA,1,rural,2
TMAS197,146999937: 15,Both,GA,7518,8065,TMAS_FHWA,1,urban,2
TMAS199,479552401: 3,Both,GA,2131,2006,TMAS_FHWA,1,rural,2
TMAS201,287314966: 1_287314968: 1_564426292: 1,Both,GA,19246,22777,TMAS_FHWA,1,rural,2
TMAS205,629305894: 4,Both,GA,23476,25237,TMAS_FHWA,1,urban,2
TMAS207,9262327: 3,Both,GA,9168,10945,TMAS_FHWA,1,rural,2
TMAS209,133114933: 42,Both,GA,15385,16435,TMAS_FHWA,1,urban,2
TMAS211,9101718: 9,Both,GA,3929,4105,TMAS_FHWA,1,urban,2
TMAS213,9215830: 12,Both,GA,5898,6002,TMAS_FHWA,1,urban,2
TMAS215,51182654: 11_9041907: 12,Both,GA,27010,27848,TMAS_FHWA,1,rural,2
TMAS217,9361063: 7,Both,GA,1233,870,TMAS_FHWA,1,rural,2
TMAS223,631611869: 1,NW,GA,15482,10878,TMAS_NREL,1,urban,1
TMAS229,60854718: 7,Both,GA,18059,18323,TMAS_FHWA,1,urban,2
TMAS231,9366506: 16,Both,GA,6551,6571,TMAS_FHWA,1,rural,2
TMAS233,50059761: 1_51831844: 1,Both,GA,54599,59357,TMAS_FHWA,1,urban,2
TMAS235,539942052: 1_9085703: 2,Both,GA,28247,25105,TMAS_FHWA,1,urban,2
TMAS237,9164492: 1,SW,GA,44586,38466,TMAS_FHWA,1,urban,1
TMAS238,68634440: 1,SW,GA,76030,75824,TMAS_NREL,1,urban,1
TMAS239,9238120: 1,SE,GA,83587,72364,TMAS_FHWA,1,urban,1
TMAS240,539942066: 1,SW,GA,6530,6001,TMAS_FHWA,1,urban,1
TMAS241,268528965: 1,NW,GA,97012,85809,TMAS_FHWA,1,urban,1
TMAS242,38985093: 1,NW,GA,47185,46731,TMAS_FHWA,1,urban,1
TMAS245,13898745: 2_37231062: 1,Both,ID,13482,12017,TMAS_FHWA,1,rural,2
TMAS249,422455715: 3,Both,ID,5579,6033,TMAS_FHWA,1,rural,2
TMAS251,13835872: 2_401318778: 2,NE,ID,16874,15013,TMAS_FHWA,1,urban,1
TMAS253,160272102: 1_24203620: 11,Both,ID,10389,9837,TMAS_FHWA,1,rural,2
TMAS255,13705751: 5,Both,ID,4878,6575,TMAS_FHWA,1,urban,2
TMAS258,376396002: 15,SE,ID,587,1015,TMAS_FHWA,1,rural,1
TMAS259,160272102: 7_24203620: 5,Both,ID,10375,10017,TMAS_FHWA,1,rural,2
TMAS261,211674436: 16,Both,ID,9300,7282,TMAS_FHWA,1,rural,2
TMAS263,13930818: 3,Both,ID,3417,3858,TMAS_NREL,1,rural,2
TMAS265,150867954: 13,Both,ID,7361,5441,TMAS_NREL,1,rural,2
TMAS267,13898110: 1,Both,ID,2903,2219,TMAS_FHWA,1,rural,2
TMAS269,192509193: 1,Both,ID,1861,943,TMAS_FHWA,1,rural,2
TMAS271,639742044: 24,Both,ID,21929,21569,TMAS_FHWA,1,urban,2
TMAS274,77339625: 1,Both,ID,8399,8798,TMAS_FHWA,1,urban,2
TMAS276,197875187: 10,Both,ID,9016,10219,TMAS_FHWA,1,urban,2
TMAS278,483198720: 3,Both,ID,29429,25300,TMAS_FHWA,1,urban,2
TMAS280,122199147: 9,Both,ID,6354,6480,TMAS_FHWA,1,rural,2
TMAS282,13714669: 1_629872508: 1,Both,ID,7893,6932,TMAS_FHWA,1,urban,2
TMAS286,284717832: 13,Both,ID,10683,10793,TMAS_FHWA,1,rural,2
TMAS288,218276474: 1_218276475: 2,Both,ID,81442,83057,TMAS_FHWA,1,urban,2
TMAS366,16098460: 1_50235741: 22,Both,KY,9800,8690,TMAS_FHWA,1,rural,2
TMAS368,224614908: 3_52083065: 4,Both,KY,23560,23793,TMAS_FHWA,1,urban,2
TMAS370,108855813: 2_33120304: 2,NW,KY,50133,50545,TMAS_FHWA,1,urban,1
TMAS372,109152206: 7,Both,KY,3346,3409,TMAS_FHWA,1,rural,2
TMAS374,109496135: 18,Both,KY,814,1204,TMAS_FHWA,1,rural,2
TMAS376,109472172: 1,Both,KY,5997,6411,TMAS_FHWA,1,urban,2
TMAS379,132685040: 12,SW,KY,593,488,TMAS_FHWA,1,rural,1
TMAS380,52083090: 3,Both,KY,2862,3364,TMAS_FHWA,1,rural,2
TMAS507,14211076: 2_246579715: 1,Both,NE,26482,23182,TMAS_FHWA,1,urban,2
TMAS509,14101932: 8,b,NE,443,397,TMAS_FHWA,1,rural,1
TMAS510,14040984: 1,b,NE,549,604,TMAS_FHWA,1,rural,1
TMAS511,378267652: 1,Both,NE,13887,18377,TMAS_FHWA,1,urban,2
TMAS513,142453304: 12_142453305: 11,Both,NE,5345,5681,TMAS_FHWA,1,rural,2
TMAS515,139081318: 2_50266228: 1,Both,NE,22451,24155,TMAS_FHWA,1,urban,2
TMAS517,53830543: 1_53830553: 6,Both,NE,33381,32365,TMAS_FHWA,1,rural,2
TMAS519,134867832: 15,Both,NV,3031,2424,TMAS_FHWA,1,rural,2
TMAS523,27696205: 4,Both,NV,2609,2482,TMAS_FHWA,1,rural,2
TMAS527,162773977: 1,Both,NV,14361,15991,TMAS_FHWA,1,rural,2
TMAS529,122678308: 2_133443186: 1,Both,NV,8641,8407,TMAS_FHWA,1,rural,2
TMAS533,14315410: 1,Both,NV,2251,2769,TMAS_FHWA,1,rural,2
TMAS537,108124854: 1_172772612: 1,Both,NV,42392,44893,TMAS_FHWA,1,rural,2
TMAS539,254350156: 6,Both,NV,20229,18138,TMAS_FHWA,1,urban,2
TMAS558,552708449: 3,Both,NM,1214,1307,TMAS_FHWA,1,rural,2
TMAS560,662763110: 5,Both,NM,2875,3161,TMAS_FHWA,1,rural,2
TMAS566,14615353: 29,Both,NM,8744,11504,TMAS_FHWA,1,urban,2
TMAS607,284940483: 1_383501554: 1,Both,OK,75148,67891,TMAS_FHWA,1,urban,2
TMAS609,263295397: 13,Both,OK,17449,17897,TMAS_FHWA,1,urban,2
TMAS611,282443052: 1_282443053: 1,Both,OK,125156,125394,TMAS_FHWA,1,urban,2
TMAS613,292023553: 1_595278664: 1,Both,OK,94097,93042,TMAS_FHWA,1,urban,2
TMAS615,407516858: 1_82220440: 1,Both,OK,59085,60983,TMAS_FHWA,1,urban,2
TMAS617,263441340: 6_-5501457: 1,Both,OK,15287,12881,TMAS_FHWA,1,rural,2
TMAS619,99285581: 2,Both,OK,4775,4567,TMAS_FHWA,1,rural,2
TMAS621,51646090: 3,Both,OK,1542,1351,TMAS_NREL,1,rural,2
TMAS623,170048946: 3_351944785: 1,Both,OK,4740,6015,TMAS_FHWA,1,rural,2
TMAS625,293481161: 1_293481164: 1,Both,OK,101342,114499,TMAS_FHWA,1,urban,2
TMAS627,161234924: 1_215895571: 2,Both,OK,8725,9002,TMAS_FHWA,1,urban,2
TMAS629,114912137: 30_52603757: 5,Both,OK,10391,7970,TMAS_FHWA,1,rural,2
TMAS631,318401056: 6,Both,OK,2346,2876,TMAS_FHWA,1,rural,2
TMAS633,66767933: 6,Both,PA,4682,5244,TMAS_FHWA,1,rural,2
TMAS635,355375576: 1_633370971: 7,Both,PA,22863,21243,TMAS_FHWA,1,urban,2
TMAS637,74341242: 1_74341321: 1,Both,PA,15436,14783,TMAS_FHWA,1,urban,2
TMAS639,66339950: 5,Both,PA,3083,2728,TMAS_FHWA,1,rural,2
TMAS643,68997816: 2,SW,PA,1920,1463,TMAS_FHWA,1,rural,1
TMAS644,157401913: 2_37739478: 2,Both,PA,34037,31386,TMAS_FHWA,1,rural,2
TMAS650,138170780: 1_64913931: 1,Both,PA,22609,23815,TMAS_FHWA,1,urban,2
TMAS652,38382823: 1_58650311: 1,Both,PA,20851,20439,TMAS_FHWA,1,rural,2
TMAS654,59529729: 1_59530206: 1,Both,PA,20580,21200,TMAS_FHWA,1,rural,2
TMAS656,31695604: 1_31695887: 2,Both,PA,32958,27582,TMAS_FHWA,1,rural,2
TMAS659,584440992: 1_584440993: 2,SW,RI,22200,19241,TMAS_FHWA,1,rural,1
TMAS666,41558879: 7,Both,SC,19433,21171,TMAS_FHWA,1,urban,2
TMAS668,158104826: 2_158104845: 2,Both,SC,46915,41641,TMAS_FHWA,1,rural,2
TMAS670,172658680: 1_172658717: 1,Both,SC,29598,32276,TMAS_FHWA,1,rural,2
TMAS672,176415071: 23,Both,SC,2127,3812,TMAS_FHWA,1,rural,2
TMAS674,12409334: 1,Both,SC,1583,1182,TMAS_FHWA,1,rural,2
TMAS680,265151576: 1_28981762: 11,NW,SC,55755,55002,TMAS_FHWA,1,urban,1
TMAS682,157783467: 1_172199550: 4,Both,SC,53919,52103,TMAS_FHWA,1,rural,2
TMAS684,12141765: 2_157726996: 4,Both,SC,58236,64036,TMAS_FHWA,1,rural,2
TMAS686,160792165: 1_180077504: 1,Both,SC,41625,40412,TMAS_FHWA,1,rural,2
TMAS688,178996966: 15_463511761: 5,Both,SC,36413,35184,TMAS_FHWA,1,rural,2
TMAS690,23616287: 1_24527855: 1,Both,SC,28898,28228,TMAS_FHWA,1,urban,2
TMAS692,268812934: 6,Both,SC,2394,2535,TMAS_FHWA,1,rural,2
TMAS694,192246299: 2,Both,SC,48057,47576,TMAS_FHWA,1,urban,2
TMAS698,12377392: 5,Both,SC,1263,1178,TMAS_FHWA,1,rural,2
TMAS700,42139685: 2_52598974: 1,Both,SC,7801,7834,TMAS_NREL,1,rural,2
TMAS702,109274380: 9,Both,SC,7760,7431,TMAS_NREL,1,rural,2
TMAS704,206414613: 1_254609396: 1,Both,SC,38866,37052,TMAS_NREL,1,rural,2
TMAS706,9923316: 20,Both,SC,1318,1182,TMAS_NREL,1,rural,2
TMAS708,9876219: 3,NW,SC,871,955,TMAS_NREL,1,rural,1
VA00001,8802630: 1,WB,VA,6817,6269,VA_Tolls,0,urban,1
VA00002,268795984: 1,WB,VA,19485,17564,VA_Tolls,0,urban,1
VA00003,268795981: 2,EB,VA,29874,23865,VA_Tolls,0,urban,1
VA00004,173876405: 1,WB,VA,8930,7231,VA_Tolls,0,urban,1
VA00005,155601175: 1,EB,VA,8305,7377,VA_Tolls,0,urban,1
VA00007,173556507: 1,WB,VA,9892,7841,VA_Tolls,0,urban,1
VA00008,90276744: 3,EB,VA,8339,6828,VA_Tolls,0,urban,1
VA00009,543056323: 1,WB,VA,10098,7573,VA_Tolls,0,urban,1
VA00010,543058377: 1,EB,VA,8496,7615,VA_Tolls,0,urban,1
VA00011,173378705: 1,WB,VA,7296,4126,VA_Tolls,0,urban,1
VA00012,155601183: 1,EB,VA,6381,4003,VA_Tolls,0,urban,1
VA00013,173724947: 1,WB,VA,5153,3447,VA_Tolls,0,urban,1
VA00014,90276737: 1,EB,VA,14571,3460,VA_Tolls,0,urban,1
VA00015,592490702: 1,EB,VA,6057,5309,VA_Tolls,0,urban,1
VA00016,38168377: 1,WB,VA,57145,42773,VA_Tolls,0,urban,1
VA00017,8806082: 1,EB,VA,41059,44273,VA_Tolls,0,urban,1
VA00018,304116945: 1,WB,VA,11259,4195,VA_Tolls,0,urban,1
VA00019,46963979: 1,EB,VA,9558,5921,VA_Tolls,0,urban,1
VA00020,8798251: 1,WB,VA,9639,3446,VA_Tolls,0,urban,1
VA00021,44415835: 2,EB,VA,4940,3015,VA_Tolls,0,urban,1
VA00022,79292850: 1,NB,VA,16031,15998,TMAS_NREL,1,urban,1
VA00024,165090954: 5,Both,VA,11355,11866,TMAS_FHWA,1,urban,2
VA00025,79292841: 2,NB,VA,15184,15189,TMAS_NREL,1,urban,1
VA00026,20005319: 28,Both,VA,2790,2698,TMAS_FHWA,1,rural,2
VA00028,138695791: 3,NB,VA,27240,26083,TMAS_FHWA,1,urban,1
VA00029,19852869: 1,NB,VA,30909,32127,TMAS_FHWA,1,urban,1
VA00031,51128164: 18,Both,VA,9410,14114,TMAS_FHWA,1,urban,2
VA00032,108493864: 1,NB,VA,21202,21599,TMAS_FHWA,1,rural,1
VA00035,42239620: 4,Both,VA,8356,8744,TMAS_FHWA,1,rural,2
VA00038,245361617: 1,Both,VA,18390,17107,TMAS_FHWA,1,rural,2
VA00039,245395976: 1,EB,VA,37637,36114,TMAS_FHWA,1,urban,1
VA00040,568378676: 2,EB,VA,43868,44931,TMAS_FHWA,1,urban,1
VA00042,103342610: 1,EB,VA,52325,52715,TMAS_FHWA,1,urban,1
VA00043,102211332: 1,NB,VA,52913,55041,TMAS_FHWA,1,urban,1
VA00044,46785985: 1,NB,VA,56018,55987,TMAS_FHWA,1,urban,1
VA00047,462178363: 15,Both,VA,6810,7163,TMAS_FHWA,1,rural,2
VA00049,600023669: 1,NB,VA,14441,13648,TMAS_FHWA,1,urban,1
VA00050,123061052: 1,NB,VA,39801,40352,TMAS_FHWA,1,urban,1
VA00051,124068689: 5,EB,VA,37616,34939,TMAS_FHWA,1,urban,1
VA00052,20283997: 1,EB,VA,18174,17766,TMAS_NREL,1,urban,1
VA00053,102215399: 4,NB,VA,17473,19909,TMAS_FHWA,1,urban,1
VA00054,102215392: 3,NB,VA,15628,25827,TMAS_FHWA,1,urban,1
VA00055,655779699: 7,Both,VA,3506,2683,TMAS_FHWA,1,rural,2
VA00057,48557630: 1,EB,VA,73368,70284,TMAS_FHWA,1,urban,1
VA00058,47801363: 3,WB,VA,74114,71921,TMAS_NREL,1,urban,1
VA00059,323454976: 37,Both,VA,12839,11013,TMAS_FHWA,1,rural,2
VA00061,50880381: 2,NB,VA,16910,18385,TMAS_FHWA,1,rural,1
VA00062,102205136: 1,NB,VA,50428,50628,TMAS_FHWA,1,rural,1
VA00064,296555749: 2,Both,VA,11770,10362,TMAS_FHWA,1,rural,2
VA00065,51180604: 1,NB,VA,55618,59655,TMAS_FHWA,1,urban,1
VA00066,43678765: 5,Both,VA,9790,10789,TMAS_FHWA,1,rural,2
VA00068,172115185: 2,Both,VA,34599,39489,TMAS_FHWA,1,urban,2
VA00070,172115173: 17,Both,VA,44453,45397,TMAS_FHWA,1,rural,2
VA00072,20041388: 13,Both,VA,3046,3460,TMAS_NREL,1,rural,2
VA00074,103460016: 1,EB,VA,4484,4517,TMAS_FHWA,1,rural,1
VA00075,144910236: 16,NB,VA,27776,26512,TMAS_FHWA,1,urban,1
VA00076,55731206: 2,NB,VA,28443,29063,TMAS_FHWA,1,urban,1
VA00078,51319124: 67,Both,VA,14643,17053,TMAS_FHWA,1,urban,2
VA00081,349645024: 4,Both,VA,14625,15328,TMAS_FHWA,1,urban,2
VA00084,8816324: 4,NB,VA,71107,76668,TMAS_FHWA,1,urban,1
VA00085,79292637: 3,SB,VA,20122,20072,TMAS_FHWA,1,urban,1
VA00087,66310555: 3,SB,VA,14485,14817,TMAS_NREL,1,urban,1
VA00088,41924057: 1,SB,VA,32810,33677,TMAS_FHWA,1,urban,1
VA00089,168659463: 4,SB,VA,20425,21319,TMAS_NREL,1,rural,1
VA00090,20387884: 4,Both,VA,3079,4151,TMAS_NREL,1,rural,2
VA00092,102209649: 1,SB,VA,52747,54809,TMAS_NREL,1,urban,1
VA00093,51326299: 2,SB,VA,20600,20456,TMAS_NREL,1,urban,1
VA00094,41132431: 1,SB,VA,12176,13318,TMAS_NREL,1,rural,1
VA00095,90276740: 1,SB,VA,10010,13856,TMAS_NREL,1,urban,1
VA00101,264545694: 35,Both,VA,11188,9908,TMAS_FHWA,1,urban,2
VA00103,38372057: 1,Both,VA,2316,1833,TMAS_FHWA,1,rural,2
VA00106,368694298: 4,Both,VA,27881,26625,TMAS_FHWA,1,urban,2
VA00108,599971299: 1,SB,VA,66072,74540,TMAS_FHWA,1,urban,1
VA00110,103342581: 3,WB,VA,30135,29763,TMAS_FHWA,1,rural,1
VA00112,47737327: 2,NB,VA,28360,27150,TMAS_FHWA,1,urban,1
VA00113,50854618: 3,WB,VA,69101,70349,TMAS_NREL,1,urban,1
VA00115,262962191: 20,Both,VA,30339,28923,TMAS_FHWA,1,urban,2
VA00117,108632532: 4,Both,VA,23874,22625,TMAS_FHWA,1,urban,2
VA00118,377125639: 1,Both,VA,33070,34743,TMAS_FHWA,1,urban,2
VA00120,402531712: 10,WB,VA,18351,17267,TMAS_NREL,1,rural,1
VA00122,55689764: 2,SB,VA,26602,26248,TMAS_NREL,1,urban,1
VA00123,38281454: 2,WB,VA,21036,19804,TMAS_NREL,1,rural,1
VA00125,19807132: 1,WB,VA,11909,11554,TMAS_FHWA,1,urban,1
VA00129,102352383: 1,WB,VA,24485,25172,TMAS_NREL,1,rural,1
VA00130,102352640: 1,WB,VA,20036,20718,TMAS_NREL,1,rural,1
VA00131,41160413: 4,Both,VA,24246,23263,TMAS_FHWA,1,urban,2
VA00133,102352236: 1,WB,VA,19690,20243,TMAS_FHWA,1,rural,1
VA00134,103456086: 3,EB,VA,19232,18419,TMAS_FHWA,1,rural,1
VA00136,246333825: 8,Both,VA,38772,38776,TMAS_FHWA,1,urban,2
VA00138,430131069: 6,Both,VA,19001,17230,TMAS_FHWA,1,urban,2
VA00142,6528799: 1,NB,VA,685,662,TMAS_FHWA,1,urban,1
VA00143,20476517: 1,SB,VA,2866,2838,TMAS_FHWA,1,urban,1
VA00146,20527737: 1,SB,VA,1861,1690,TMAS_FHWA,1,rural,1
VA00149,102215392: 3,NB,VA,15628,15510,TMAS_FHWA,1,urban,1
VA00151,41133533: 7,SB,VA,11754,11435,TMAS_NREL,1,rural,1
VA00152,39227300: 1,WB,VA,19659,20281,TMAS_NREL,1,rural,1
VA00153,41599532: 2,WB,VA,24712,28572,TMAS_NREL,1,urban,1
VA00154,20353513: 5,EB,VA,17260,17056,TMAS_FHWA,1,rural,1
_OH00030,80443000: 1,EB,OH,5364,4227.969863,OH_Tolls,0,rural,1
_OH00033,80236594: 1,EB,OH,9684,8018.109589,OH_Tolls,0,rural,1
_OH00048,179540294: 1,EB,OH,956,677.3753425,OH_Tolls,0,rural,1
OH00001_,596100288: 1,WB,OH,10804,10557.82466,OH_Tolls,0,rural,1
OH00002_OH00003,122100659: 2_122100662: 2,Both,OH,2820,1740.413699,OH_Tolls,0,rural,2
OH00004_OH00005,122100647: 2_122100650: 1,Both,OH,1882,1118.249315,OH_Tolls,0,rural,2
OH00006_OH00007,122353834: 2_122353833: 2,Both,OH,2710,1833.769863,OH_Tolls,0,rural,2
OH00008_OH00009,122353836: 1_122353835: 2,Both,OH,2722,1783.043836,OH_Tolls,0,rural,2
OH00010_OH00011,122353855: 2_122353858: 1,Both,OH,4680,3687.912329,OH_Tolls,0,rural,2
OH00012_OH00013,122353837: 2_122353838: 2,Both,OH,11619,9314.70137,OH_Tolls,0,rural,2
OH00014_OH00015,38424170: 1_64368439: 1,Both,OH,18861,16243.2137,OH_Tolls,0,rural,2
OH00016_OH00017,122354154: 2_122354160: 2,Both,OH,19781,16621.08219,OH_Tolls,0,rural,2
OH00018_OH00019,127874282: 1_113626358: 1,Both,OH,2392,1750.753425,OH_Tolls,0,rural,2
OH00020_OH00021,320594506: 1_320594506: 1,Both,OH,5465,4405.361644,OH_Tolls,0,rural,2
OH00022_OH00023,19037121: 2_178881082: 2,Both,OH,7371,4488.312329,OH_Tolls,0,rural,2
OH00024_OH00025,320587351: 1_320587351: 1,Both,OH,5354,3865.106849,OH_Tolls,0,rural,2
OH00026_OH00027,19124518: 2_88086095: 2,Both,OH,3583,2418.547945,OH_Tolls,0,rural,2
OH00028_OH00029,168526610: 2_168526611: 1,Both,OH,6107,4525.016438,OH_Tolls,0,rural,2
OH00031_OH00032,80240264: 2_80240200: 2,Both,OH,22743,16871.01096,OH_Tolls,0,rural,2
OH00034_OH00035,80236549: 2_19125880: 2,Both,OH,6519,6572.583562,OH_Tolls,0,rural,2
OH00036_OH00037,582953247: 2,WB,OH,15267,9870.758904,OH_Tolls,0,rural,1
OH00038_OH00039,491466999: 1_491677072: 1,Both,OH,20225,18216.98082,OH_Tolls,0,rural,2
OH00040_OH00041,316617974: 1_316601700: 1,Both,OH,17525,17658.09041,OH_Tolls,0,rural,2
OH00042_OH00043,317015036: 1,Both,OH,10766,9844.364384,OH_Tolls,0,rural,1
OH00044_OH00045,179540300: 2_19213215: 2,Both,OH,6227,5201.693151,OH_Tolls,0,rural,2
OH00046_OH00047,19261986: 2_340213007: 2,Both,OH,5749,5269.99726,OH_Tolls,0,rural,2
OH00049_,19261964: 1,WB,OH,608,431.9945205,OH_Tolls,0,rural,1
OH00050_OH00051,39854811: 1_39854813: 1,Both,OH,25942,22539.63288,OH_Tolls,0,rural,2
OH00053_OH00052,322067472: 2_492874113: 1,Both,OH,6560,5595.183562,OH_Tolls,0,rural,2
OH00054_,124068716: 1,WB,OH,3885,2147.260274,OH_Tolls,0,rural,1
